{
	"system" : {
		"platform" : "windows64",
		"os_name" : "Windows 10",
		"os_version" : "10.0"
	},
	"error" : {
		"executable" : "quartus",
		"comment" : "not_applicable",
		"error_message" : "Access Violation at 0X0000000052DD8AFD",
		"source_file" : "unknown",
		"line" : "0",
		"stack_trace" : "\t 0x52dd8afc: QtGui4 + 0x3a8afc (?subWindowList@QMdiArea@@QEBA?AV?$QList@PEAVQMdiSubWindow@@@@W4WindowOrder@1@@Z + 0x2bc)\n\t 0x52dd6085: QtGui4 + 0x3a6085 (?qt_metacast@QMdiArea@@UEAAPEAXPEBD@Z + 0x3e5)\n\t 0x52dd7210: QtGui4 + 0x3a7210 (?resizeEvent@QMdiArea@@MEAAXPEAVQResizeEvent@@@Z + 0x240)\n\t 0x52a90bcd: QtGui4 + 0x60bcd (?event@QWidget@@MEAA_NPEAVQEvent@@@Z + 0x50d)\n\t 0x52db2676: QtGui4 + 0x382676 (?event@QFrame@@MEAA_NPEAVQEvent@@@Z + 0x36)\n\t 0x5371f802: QtCore4 + 0x10f802 (?sendThroughObjectEventFilters@QCoreApplicationPrivate@@QEAA_NPEAVQObject@@PEAVQEvent@@@Z + 0x82)\n\t 0x52a52e81: QtGui4 + 0x22e81 (?notify_helper@QApplicationPrivate@@QEAA_NPEAVQObject@@PEAVQEvent@@@Z + 0xe1)\n\t 0x52a52b2f: QtGui4 + 0x22b2f (?notify@QApplication@@UEAA_NPEAVQObject@@PEAVQEvent@@@Z + 0x17bf)\n\t 0x5371d92b: QtCore4 + 0x10d92b (?notifyInternal@QCoreApplication@@AEAA_NPEAVQObject@@PEAVQEvent@@@Z + 0x7b)\n\t 0x52ac89b6: QtGui4 + 0x989b6 (?setGeometry_sys@QWidgetPrivate@@QEAAXHHHH_N@Z + 0xa76)\n\t 0x52a9c270: QtGui4 + 0x6c270 (?setGeometry@QWidget@@QEAAXAEBVQRect@@@Z + 0xb0)\n\t 0x52e240f0: QtGui4 + 0x3f40f0 (?layoutChildren@QAbstractScrollAreaPrivate@@QEAAXXZ + 0x5e0)\n\t 0x52dd98c7: QtGui4 + 0x3a98c7 (?currentPlatform@QApplicationPrivate@@SAIXZ + 0x917)\n\t 0x52dd8fff: QtGui4 + 0x3a8fff (?currentPlatform@QApplicationPrivate@@SAIXZ + 0x4f)\n\t 0x52dd9b0a: QtGui4 + 0x3a9b0a (?viewportEvent@QMdiArea@@MEAA_NPEAVQEvent@@@Z + 0x17a)\n\t 0x5371f802: QtCore4 + 0x10f802 (?sendThroughObjectEventFilters@QCoreApplicationPrivate@@QEAA_NPEAVQObject@@PEAVQEvent@@@Z + 0x82)\n\t 0x52a52e81: QtGui4 + 0x22e81 (?notify_helper@QApplicationPrivate@@QEAA_NPEAVQObject@@PEAVQEvent@@@Z + 0xe1)\n\t 0x52a52b2f: QtGui4 + 0x22b2f (?notify@QApplication@@UEAA_NPEAVQObject@@PEAVQEvent@@@Z + 0x17bf)\n\t 0x5371d92b: QtCore4 + 0x10d92b (?notifyInternal@QCoreApplication@@AEAA_NPEAVQObject@@PEAVQEvent@@@Z + 0x7b)\n\t 0x52ddb511: QtGui4 + 0x3ab511 (?closeEvent@QMdiSubWindow@@MEAAXPEAVQCloseEvent@@@Z + 0xa1)\n\t0x7fff32a7e5e2: SYS_QUI + 0x3e5e2 (?closeEvent@QUI_MDI_SUB_WND@@MEAAXPEAVQCloseEvent@@@Z + 0x182)\n\t 0x52a90be1: QtGui4 + 0x60be1 (?event@QWidget@@MEAA_NPEAVQEvent@@@Z + 0x521)\n\t 0x52a52e95: QtGui4 + 0x22e95 (?notify_helper@QApplicationPrivate@@QEAA_NPEAVQObject@@PEAVQEvent@@@Z + 0xf5)\n\t 0x52a52b2f: QtGui4 + 0x22b2f (?notify@QApplication@@UEAA_NPEAVQObject@@PEAVQEvent@@@Z + 0x17bf)\n\t 0x5371d92b: QtCore4 + 0x10d92b (?notifyInternal@QCoreApplication@@AEAA_NPEAVQObject@@PEAVQEvent@@@Z + 0x7b)\n\t 0x52a8e260: QtGui4 + 0x5e260 (?close_helper@QWidgetPrivate@@QEAA_NW4CloseMode@1@@Z + 0xb0)\n\t0x7fff32a648b5: SYS_QUI + 0x248b5 (?close_all_in_list@QUI_FRAME_WND@@IEAA_NV?$QList@PEAVQMdiSubWindow@@@@PEAVQMdiSubWindow@@U_GUID@@@Z + 0x215)\n\t0x7fff32a64a02: SYS_QUI + 0x24a02 (?close_all_windows@QUI_FRAME_WND@@QEAA_NU_GUID@@@Z + 0x102)\n\t0x7fff32a645a1: SYS_QUI + 0x245a1 (?closeEvent@QUI_FRAME_WND@@MEAAXPEAVQCloseEvent@@@Z + 0x1e1)\n\t 0x52a90be1: QtGui4 + 0x60be1 (?event@QWidget@@MEAA_NPEAVQEvent@@@Z + 0x521)\n\t 0x52dc9d30: QtGui4 + 0x399d30 (?event@QMainWindow@@MEAA_NPEAVQEvent@@@Z + 0x280)\n\t 0x52a52e95: QtGui4 + 0x22e95 (?notify_helper@QApplicationPrivate@@QEAA_NPEAVQObject@@PEAVQEvent@@@Z + 0xf5)\n\t 0x52a52b2f: QtGui4 + 0x22b2f (?notify@QApplication@@UEAA_NPEAVQObject@@PEAVQEvent@@@Z + 0x17bf)\n\t 0x5371d92b: QtCore4 + 0x10d92b (?notifyInternal@QCoreApplication@@AEAA_NPEAVQObject@@PEAVQEvent@@@Z + 0x7b)\n\t 0x52a8e258: QtGui4 + 0x5e258 (?close_helper@QWidgetPrivate@@QEAA_NW4CloseMode@1@@Z + 0xa8)\n\t 0x52ab7956: QtGui4 + 0x87956 (?winMouseButtonUp@QApplication@@SAXXZ + 0x1006)\n\t0x7fffe0e57845: USER32 + 0x17845 (CallWindowProcW + 0x6a5)\n\t0x7fffe0e570cb: USER32 + 0x170cb (SendMessageW + 0xacb)\n\t0x7fffe0e87e92: USER32 + 0x47e92 (GetWindowDpiAwarenessContext + 0x1f2)\n\t0x7fffe3205ce3: ntdll + 0x165ce3 (KiUserCallbackDispatcher + 0x23)\n\t0x7fffe0541343: win32u + 0x1343 (NtUserMessageCall + 0x13)\n\t0x7fffe0e53aaa: USER32 + 0x13aaa (GetSystemMetrics + 0x37a)\n\t0x7fffe0e53943: USER32 + 0x13943 (GetSystemMetrics + 0x213)\n\t0x7fffda8843cc: uxtheme + 0x43cc\n\t0x7fffda8cebc5: uxtheme + 0x4ebc5 (GetThemeSysBool + 0x1675)\n\t0x7fffda885cfe: uxtheme + 0x5cfe\n\t0x7fffda885590: uxtheme + 0x5590\n\t0x7fffe0e550f9: USER32 + 0x150f9 (IsWindowUnicode + 0x129)\n\t 0x52f2bbf7: QtGui4 + 0x4fbbf7 (?widgetDestroyed@QInputContext@@UEAAXPEAVQWidget@@@Z + 0x307)\n\t 0x52ab7915: QtGui4 + 0x87915 (?winMouseButtonUp@QApplication@@SAXXZ + 0xfc5)\n\t0x7fffe0e57845: USER32 + 0x17845 (CallWindowProcW + 0x6a5)\n\t0x7fffe0e570cb: USER32 + 0x170cb (SendMessageW + 0xacb)\n\t0x7fffe0e87e92: USER32 + 0x47e92 (GetWindowDpiAwarenessContext + 0x1f2)\n\t0x7fffe3205ce3: ntdll + 0x165ce3 (KiUserCallbackDispatcher + 0x23)\n\t0x7fffe05412c3: win32u + 0x12c3 (NtUserPeekMessage + 0x13)\n\t0x7fffe0e4e0ee: USER32 + 0xe0ee (PeekMessageW + 0x1de)\n\t0x7fffe0e4e077: USER32 + 0xe077 (PeekMessageW + 0x167)\n\t 0x53742663: QtCore4 + 0x132663 (?processEvents@QEventDispatcherWin32@@UEAA_NV?$QFlags@W4ProcessEventsFlag@QEventLoop@@@@@Z + 0x243)\n\t 0x52ab0eb4: QtGui4 + 0x80eb4 (?openPopup@QApplicationPrivate@@QEAAXPEAVQWidget@@@Z + 0x204)\n\t 0x5371a88b: QtCore4 + 0x10a88b (?exec@QEventLoop@@QEAAHV?$QFlags@W4ProcessEventsFlag@QEventLoop@@@@@Z + 0x22b)\n\t 0x5371ce6f: QtCore4 + 0x10ce6f (?exec@QCoreApplication@@SAHXZ + 0xdf)\n\t0x7ff62825197b: quartus + 0x197b (?qgq_main@@YAHHPEAPEBD@Z + 0x7b)\n\t0x7fffb3c32e98: CCL_MSG + 0x12e98 (?msg_main_thread@@YAPEAXPEAX@Z + 0x18)\n\t0x7fffb3c3467e: CCL_MSG + 0x1467e (?msg_thread_wrapper@@YAPEAXP6APEAXPEAX@Z0@Z + 0x6e)\n\t0x7fffb3bf6660: ccl_mem + 0x16660 (?mem_thread_wrapper@@YAPEAXP6APEAXPEAX@Z0@Z + 0x70)\n\t0x7fffb3c32761: CCL_MSG + 0x12761 (?msg_exe_main@@YAHHPEAPEBDP6AHH0@Z@Z + 0xa1)\n\t0x7ff6282524e7: quartus + 0x24e7 (WinMain + 0x127)\n\t0x7ff628251e58: quartus + 0x1e58 (__tmainCRTStartup + 0x148)\n\t0x7fffe1eae8d6: KERNEL32 + 0x2e8d6 (BaseThreadInitThunk + 0x16)\n\t0x7fffe312c53b: ntdll + 0x8c53b (RtlUserThreadStart + 0x2b)\n",
		"subsystem" : "unknown"
	},
	"quartus" : {
		"quartus_bits" : "64",
		"version" : "18.0.0",
		"build" : "614",
		"edition" : "Lite Edition"
	}
}