{
	"partitions" : [
		{
			"name" : "Top",
			"pins" : [
				{
					"name" : "seg0[0]",
					"strict" : false
				},
				{
					"name" : "seg0[1]",
					"strict" : false
				},
				{
					"name" : "seg0[2]",
					"strict" : false
				},
				{
					"name" : "seg0[3]",
					"strict" : false
				},
				{
					"name" : "seg0[4]",
					"strict" : false
				},
				{
					"name" : "seg0[5]",
					"strict" : false
				},
				{
					"name" : "seg0[6]",
					"strict" : false
				},
				{
					"name" : "seg1[0]",
					"strict" : false
				},
				{
					"name" : "seg1[1]",
					"strict" : false
				},
				{
					"name" : "seg1[2]",
					"strict" : false
				},
				{
					"name" : "seg1[3]",
					"strict" : false
				},
				{
					"name" : "seg1[4]",
					"strict" : false
				},
				{
					"name" : "seg1[5]",
					"strict" : false
				},
				{
					"name" : "seg1[6]",
					"strict" : false
				},
				{
					"name" : "seg2[0]",
					"strict" : false
				},
				{
					"name" : "seg2[1]",
					"strict" : false
				},
				{
					"name" : "seg2[2]",
					"strict" : false
				},
				{
					"name" : "seg2[3]",
					"strict" : false
				},
				{
					"name" : "seg2[4]",
					"strict" : false
				},
				{
					"name" : "seg2[5]",
					"strict" : false
				},
				{
					"name" : "seg2[6]",
					"strict" : false
				},
				{
					"name" : "seg3[0]",
					"strict" : false
				},
				{
					"name" : "seg3[1]",
					"strict" : false
				},
				{
					"name" : "seg3[2]",
					"strict" : false
				},
				{
					"name" : "seg3[3]",
					"strict" : false
				},
				{
					"name" : "seg3[4]",
					"strict" : false
				},
				{
					"name" : "seg3[5]",
					"strict" : false
				},
				{
					"name" : "seg3[6]",
					"strict" : false
				},
				{
					"name" : "seg4[0]",
					"strict" : false
				},
				{
					"name" : "seg4[1]",
					"strict" : false
				},
				{
					"name" : "seg4[2]",
					"strict" : false
				},
				{
					"name" : "seg4[3]",
					"strict" : false
				},
				{
					"name" : "seg4[4]",
					"strict" : false
				},
				{
					"name" : "seg4[5]",
					"strict" : false
				},
				{
					"name" : "seg4[6]",
					"strict" : false
				},
				{
					"name" : "seg5[0]",
					"strict" : false
				},
				{
					"name" : "seg5[1]",
					"strict" : false
				},
				{
					"name" : "seg5[2]",
					"strict" : false
				},
				{
					"name" : "seg5[3]",
					"strict" : false
				},
				{
					"name" : "seg5[4]",
					"strict" : false
				},
				{
					"name" : "seg5[5]",
					"strict" : false
				},
				{
					"name" : "seg5[6]",
					"strict" : false
				},
				{
					"name" : "clock",
					"strict" : false
				},
				{
					"name" : "reset_N",
					"strict" : false
				},
				{
					"name" : "ps2_data",
					"strict" : false
				},
				{
					"name" : "ps2_clk",
					"strict" : false
				}
			]
		}
	]
}